﻿<?xml version="1.0" encoding="utf-8" standalone="no"?>
<Configuration>
  
<RuleList>
  <RuleNode depth="1" xPath="//*[@id='dokuwiki__content']/div/div[2]/div[2]//a" regex="">
  </RuleNode>
  <RuleNode depth="2" xPath="//*[@id='dokuwiki__content']/div/div[2]//a" regex="_all_samples">
  </RuleNode>
  <RuleNode depth="3" xPath="//*[@id='dokuwiki__content']/div/div[2]//a" regex="C# Download">
  </RuleNode>
  <RuleNode depth="4" xPath="//*[@id='dokuwiki__content']/div/div[2]/div[1]/span[1]/a" regex="\b/\w*\.\b">
  </RuleNode>
</RuleList>

<BaseUrl>http://wiki.thinkgeo.com/wiki/</BaseUrl>

  <!--爬取到的href是相对路径,转换到绝对路径需要替换前缀;-->
<Prefix>http://wiki.thinkgeo.com</Prefix>
  
</Configuration>